date,prepared,served,leftovers,observation_status,requested_count,event
2026-06-01,111,90,21,complete_service,,0
2026-06-02,112,102,10,complete_requests,102,0
2026-06-03,100,91,9,complete_requests,91,0
2026-06-04,90,90,0,complete_requests,128,1
2026-06-05,93,79,14,complete_requests,79,0
2026-06-06,104,68,36,complete_requests,68,0
2026-06-07,108,80,28,complete_requests,80,0
2026-06-08,102,96,6,complete_service,,0
2026-06-09,99,89,10,complete_requests,89,0
2026-06-10,97,96,1,complete_requests,96,0
2026-06-11,110,97,13,complete_requests,97,0
2026-06-12,100,87,13,complete_requests,87,0
2026-06-13,104,78,26,complete_requests,78,0
2026-06-14,92,75,17,complete_requests,75,0
2026-06-15,97,97,0,lower_bound,,0
2026-06-16,101,101,0,complete_requests,104,0
2026-06-17,89,89,0,complete_requests,125,1
2026-06-18,89,89,0,complete_requests,106,0
2026-06-19,108,78,30,complete_requests,78,0
2026-06-20,110,78,32,complete_requests,78,0
2026-06-21,101,88,13,complete_requests,88,0
2026-06-22,98,83,15,complete_service,,0
2026-06-23,103,95,8,complete_requests,95,0
2026-06-24,108,99,9,complete_requests,99,0
2026-06-25,89,89,0,complete_requests,113,0
2026-06-26,103,79,24,complete_requests,79,0
2026-06-27,107,69,38,complete_requests,69,0
2026-06-28,101,70,31,complete_requests,70,0
2026-06-29,110,93,17,complete_service,,0
2026-06-30,100,100,0,complete_requests,129,1
2026-07-01,106,96,10,complete_requests,96,0
2026-07-02,91,91,0,complete_requests,113,0
2026-07-03,93,82,11,complete_requests,82,0
2026-07-04,90,74,16,complete_requests,74,0
2026-07-05,103,83,20,complete_requests,83,0
2026-07-06,99,98,1,complete_service,,0
2026-07-07,100,100,0,complete_requests,109,0
2026-07-08,95,95,0,complete_requests,97,0
2026-07-09,112,106,6,complete_requests,106,0
2026-07-10,93,93,0,complete_requests,93,0
2026-07-11,91,73,18,complete_requests,73,0
2026-07-12,104,76,28,complete_requests,76,0
2026-07-13,92,92,0,lower_bound,,1
2026-07-14,107,107,0,complete_requests,109,0
2026-07-15,93,91,2,complete_requests,91,0
2026-07-16,99,99,0,complete_requests,100,0
2026-07-17,95,89,6,complete_requests,89,0
2026-07-18,107,65,42,complete_requests,65,0
2026-07-19,109,87,22,complete_requests,87,0
2026-07-20,92,92,0,lower_bound,,0
2026-07-21,104,104,0,complete_requests,106,0
2026-07-22,106,97,9,complete_requests,97,0
2026-07-23,103,103,0,complete_requests,106,0
2026-07-24,106,94,12,complete_requests,94,0
2026-07-25,109,82,27,complete_requests,82,0
2026-07-26,106,106,0,complete_requests,119,1
2026-07-27,100,89,11,complete_service,,0
2026-07-28,105,97,8,complete_requests,97,0
2026-07-29,97,93,4,complete_requests,93,0
2026-07-30,103,103,0,complete_requests,114,0
2026-07-31,103,93,10,complete_requests,93,0
2026-08-01,110,85,25,complete_requests,85,0
2026-08-02,105,86,19,complete_requests,86,0
2026-08-03,92,92,0,lower_bound,,0
2026-08-04,103,103,0,complete_requests,115,0
2026-08-05,90,90,0,complete_requests,115,0
2026-08-06,92,92,0,complete_requests,115,0
2026-08-07,108,104,4,complete_requests,104,0
2026-08-08,89,89,0,complete_requests,116,1
2026-08-09,105,85,20,complete_requests,85,0
2026-08-10,92,92,0,lower_bound,,0
2026-08-11,92,92,0,complete_requests,106,0
2026-08-12,89,89,0,complete_requests,95,0
2026-08-13,103,103,0,complete_requests,113,0
2026-08-14,89,89,0,complete_requests,96,0
2026-08-15,93,73,20,complete_requests,73,0
2026-08-16,111,80,31,complete_requests,80,0
2026-08-17,91,91,0,lower_bound,,0
2026-08-18,101,101,0,complete_requests,107,0
2026-08-19,96,96,0,complete_requests,102,0
2026-08-20,92,92,0,complete_requests,111,0
2026-08-21,98,98,0,complete_requests,118,1
2026-08-22,106,87,19,complete_requests,87,0
2026-08-23,107,83,24,complete_requests,83,0
2026-08-24,101,101,0,lower_bound,,0
2026-08-25,94,94,0,complete_requests,117,0
2026-08-26,103,103,0,complete_requests,115,0
2026-08-27,101,101,0,complete_requests,114,0
2026-08-28,105,89,16,complete_requests,89,0
2026-08-29,93,84,9,complete_requests,84,0
2026-08-30,94,85,9,complete_requests,85,0
2026-08-31,112,100,12,complete_service,,0
2026-09-01,100,100,0,complete_requests,107,0
2026-09-02,100,100,0,complete_requests,113,0
2026-09-03,95,95,0,complete_requests,140,1
2026-09-04,88,87,1,complete_requests,87,0
2026-09-05,94,72,22,complete_requests,72,0
2026-09-06,101,83,18,complete_requests,83,0
2026-09-07,97,97,0,lower_bound,,0
2026-09-08,105,105,0,complete_requests,117,0
2026-09-09,102,102,0,complete_requests,111,0
2026-09-10,103,103,0,complete_requests,125,0
2026-09-11,110,102,8,complete_requests,102,0
2026-09-12,100,75,25,complete_requests,75,0
2026-09-13,105,83,22,complete_requests,83,0
2026-09-14,108,108,0,lower_bound,,0
2026-09-15,97,97,0,complete_requests,114,0
2026-09-16,94,94,0,complete_requests,145,1
2026-09-17,94,94,0,complete_requests,118,0
2026-09-18,107,107,0,complete_requests,108,0
2026-09-19,93,90,3,complete_requests,90,0
2026-09-20,95,95,0,complete_requests,100,0
